name,kind,domain,email,phone,address,country,source,hits,created_at,updated_at
Avask Group,vat,avaskgroup.com,,,,UK,seed,0,,
Hellotax,vat,hellotax.com,,,,DE,seed,0,,
Taxdoo,vat,taxdoo.com,,,,DE,seed,0,,
Amavat,vat,amavat.eu,,,,PL,seed,0,,
KMLZ,vat,kmlz.de,,,,DE,seed,0,,
Easytax,vat,easytax.co,,,,FR,seed,0,,
Eurora,vat,eurora.com,,,,EE,seed,0,,
EAS Project,vat,easproject.com,,,,EE,seed,0,,
SimplyVAT,vat,simplyvat.com,,,,UK,seed,0,,
J&P Accountants,vat,jpaccountant.com,,,,UK,seed,0,,
Lovat Compliance,vat,vatcompliance.co,,,,UK,seed,0,,
Staxxer,vat,staxxer.com,,,,NL,seed,0,,
Countx,vat,countx.com,,,,DE,seed,0,,
Lemonade Compliance,gpsr,lemonadecompliance.com,,,,DE,seed,0,,
Authorised Rep Compliance,gpsr,arcuk.eu,,,,UK,seed,0,,
EU Representative,gpsr,eu-rep.eu,,,,DE,seed,0,,
ProductIP,gpsr,productip.com,,,,NL,seed,0,,
EcoMundo,gpsr,ecomundo.eu,,,,FR,seed,0,,
Obelis,gpsr,obelis.net,,,,BE,seed,0,,
CE Partner,gpsr,cepartner4you.com,,,,NL,seed,0,,
MDSS,gpsr,mdss.com,,,,DE,seed,0,,
Stiftung Zentrale Stelle,epr,verpackungsregister.org,,,,DE,seed,0,,
Lizenzero,epr,lizenzero.de,,,,DE,seed,0,,
Activate by Reclay,epr,activate-online.de,,,,DE,seed,0,,
Landbell Group,epr,landbell.de,,,,DE,seed,0,,
Take-e-way,weee,take-e-way.de,,,,DE,seed,0,,
ERA,weee,era.eu,,,,UK,seed,0,,
Recupel,weee,recupel.be,,,,BE,seed,0,,
Ecologic,weee,ecologic-france.com,,,,FR,seed,0,,
Erion WEEE,weee,erion.it,,,,IT,seed,0,,
Citeo,epr,citeo.com,,,,FR,seed,0,,
Ecoembes,epr,ecoembes.com,,,,ES,seed,0,,
CONAI,epr,conai.org,,,,IT,seed,0,,
Rekopol,epr,rekopol.pl,,,,PL,seed,0,,
Interzero,epr,interzero.de,,,,DE,seed,0,,
Reclay Group,epr,reclay-group.com,,,,DE,seed,0,,
J5 Tax,vat,j5tax.com,,,,DE,seed,0,,
Taxually,vat,taxually.com,,,,UK,seed,0,,
VATGlobal,vat,vatglobal.com,,,,UK,seed,0,,
Marosa,vat,marosavat.com,,,,ES,seed,0,,
Fiscalsolutions,vat,fiscalsolutions.co.uk,,,,UK,seed,0,,
Source by Vertu,gpsr,sourcebyvertu.com,,,,UK,seed,0,,
Maven Trade,gpsr,maventrade.eu,,,,DE,seed,0,,
EasyEU CE,gpsr,easyeu-ce.com,,,,DE,seed,0,,
